-,-,-, WAG320N
-,-,-, XAC1900
27,7,2022, RE2000
4,12,2023, EA9200
9,12,2028, MR9600
-,-,-, E900
27,7,2022, E2000
27,7,2022, E1000
-,-,-, E2500
-,-,-, EA7430
-,-,-, WRT54GLETSI
9,8,2025, EA6350
13,11,2028, EA8300
27,7,2026, EA9300
27,7,2022, E1550
4,12,2023, EA6200
-,-,-, WRT54G
-,-,-, WHW03v2.0
27,7,2022, E4200
29,7,2022, X2000
-,-,-, E1500
-,-,-, EA9500
29,7,2022, E800
-,-,-, E1700
27,7,2022, E1500
27,7,2022, RE2000
-,-,-, EA7450
-,-,-, E8450v1.0
9,8,2025, WRT54GL
9,12,2028, MR9600
-,-,-, M10
-,-,-, WRT54GL
27,7,2022, EA6300
-,-,-, EA7200
-,-,-, LAPAC1200_LAPAC1750v1.0
-,-,-, MR9600
-,-,-, EA7300
27,7,2022, E900
-,-,-, EA2750
-,-,-, WRT32X
-,-,-, E8450
-,-,-, MX8500v1.0
-,-,-, E7350
-,-,-, EA6900
24,8,2024, EA6900
-,-,-, E5600v1.0
-,-,-, LRT214
9,8,2025, EA6350
9,8,2025, EA7500
-,-,-, WES610N
4,12,2023, RE4000W
-,-,-, E5400
27,7,2022, RE1000
27,7,2022, WRT160N
-,-,-, E9450
-,-,-, WHW03v1.0
-,-,-, WRT160NL
27,7,2022, E2500
-,-,-, EA9400
-,-,-, E1200
-,-,-, EA6700
-,-,-, WAP610N
-,-,-, WRT3200ACM
-,-,-, MR6350
27,7,2022, E3200
27,7,2022, EA4500
13,11,2028, EA7430
-,-,-, E7350v1.0
-,-,-, LRT224
27,7,2022, EA6700
-,-,-, RE3000v1.0
-,-,-, EA3500
-,-,-, MR7350
27,7,2022, EA6500
-,-,-, X6200
27,7,2022, E2100L
13,11,2028, EA7250
2,8,2022, WUMC710
24,8,2024, EA6900
4,11,2028, MX5300
-,-,-, EA8100
-,-,-, M20
9,12,2028, MR8300
-,-,-, MR7320
9,8,2025, EA6350
27,7,2022, RE4100W
27,7,2022, E1200
11,3,2026, EA9500
-,-,-, X1000
-,-,-, LAPN300_LAPN600v1.0
-,-,-, WRT320N
-,-,-, MR8300
27,7,2022, E2500
-,-,-, MR7340
-,-,-, EA6400
-,-,-, EA9300
-,-,-, EA4500
-,-,-, EA9500S
27,7,2022, E3000
-,-,-, RE3000v2.0
27,7,2022, EA6500
-,-,-, E8350
9,12,2028, MR9000
4,12,2023, EA9400
-,-,-, EA7400
27,7,2022, EA2700
-,-,-, MR9000
-,-,-, EA7500
2,8,2022, PLW400
-,-,-, EA6350
27,7,2022, E1200
-,-,-, E8400
27,7,2022, RE1000
9,8,2025, WRT32X
24,8,2024, EA6400
-,-,-, EA2700
-,-,-, EA9200
-,-,-, EA6500
27,7,2022, E2500
